{"cameraMode":{"drawMode":0,"name":"Shaded","section":"Shading Mode"},"sceneLighting":false,"audioPlay":false,"sceneViewState":{"showFog":true,"showMaterialUpdate":false,"showSkybox":true,"showFlares":true,"showImageEffects":true,"showParticleSystems":true},"in2DMode":false,"pivot":{"x":4.309999942779541,"y":0.690000057220459,"z":-0.1700000762939453},"rotation":{"x":-0.1698770821094513,"y":-0.4833899140357971,"z":0.09622766077518463,"w":-0.853355884552002},"size":4.456671714782715,"orthographic":false}