{"cameraMode":{"drawMode":0,"name":"Shaded","section":"Shading Mode"},"sceneLighting":false,"audioPlay":false,"sceneViewState":{"showFog":true,"showMaterialUpdate":false,"showSkybox":true,"showFlares":true,"showImageEffects":true,"showParticleSystems":true},"in2DMode":false,"pivot":{"x":1.9052996635437012,"y":1.9200000762939454,"z":1.269177794456482},"rotation":{"x":-0.012258565984666348,"y":0.9808305501937866,"z":-0.18304641544818879,"w":-0.0656907707452774},"size":5.133594989776611,"orthographic":false}