{"cameraMode":{"drawMode":0,"name":"Shaded","section":"Shading Mode"},"sceneLighting":false,"audioPlay":false,"sceneViewState":{"showFog":true,"showMaterialUpdate":false,"showSkybox":true,"showFlares":true,"showImageEffects":true,"showParticleSystems":true},"in2DMode":false,"pivot":{"x":-0.8199999332427979,"y":1.3899998664855958,"z":6.769999980926514},"rotation":{"x":0.1155286505818367,"y":-0.2108432501554489,"z":0.025098813697695733,"w":0.9703444242477417},"size":10.528446197509766,"orthographic":false}